"","ABMI_Site","day","month","year","Days_Since_Snow","Snow_Conditions","Temperature__Degrees_Celsius_","mean_snow_depth"
"1","394",22,"Jan",2006,4,"Powder",-2,12.83
"2","482",5,"Feb",2007,5,"Powder",-20,43.33
"3","483",4,"Feb",2007,4,"Powder",-20,43
"4","512",18,"Feb",2006,5,"Powder",-7,25.83
"5","514",4,"Feb",2007,4,"Powder",-15,55.33
"6","521",14,"Jan",2006,3,"Powder",-9,12.92
"7","521",6,"Mar",2006,3,"Powder",-10,34.67
"8","538",3,"Feb",2007,3,"Powder",-25,50.5
"9","539",3,"Feb",2007,3,"Powder",-25,45.5
"10","540",4,"Feb",2006,5,"Powder",-7,25.33
"11","541",4,"Feb",2006,5,"Powder",-5,35.33
"12","544",18,"Feb",2006,5,"Powder",-15,20.5
"13","545",17,"Feb",2006,4,"Powder",-12,37.67
"14","576",17,"Feb",2006,4,"Powder",-16,49.17
"15","601",24,"Feb",2006,3,"Powder",-15,28.5
"16","633",3,"Feb",2006,4,"Powder",-7,16.67
"17","634",3,"Feb",2006,4,"Powder",1,22.67
"18","635",19,"Feb",2006,6,"Powder",-12,34.33
"19","639",25,"Jan",2006,4,"Wet",1,21.17
"20","665",2,"Feb",2006,3,"Powder",-1,23.33
"21","666",2,"Feb",2006,3,"Powder",-5,20.17
"22","667",26,"Jan",2006,5,"Crust",-4,20
"23","668",26,"Jan",2006,5,"Crust",-5,13.83
"24","670",24,"Jan",2006,3,"Wet",-2,14.67
"25","671",25,"Jan",2006,4,"Crust",-5,14.67
"26","696",1,"Feb",2006,2,"Powder",-10,27.17
"27","697",1,"Feb",2006,2,"Powder",-10,24.83
"28","698",25,"Feb",2006,4,"Powder",-20,25.5
"29","699",27,"Jan",2006,6,"Crust",-12,17.33
"30","700",27,"Jan",2006,6,"Crust",-12,19.5
"31","719",23,"Mar",2006,5,"Crust",-4,41
"32","750",19,"Feb",2006,5,"Powder",-1,20.58
"33","750",22,"Mar",2006,4,"Powder",3,30
"34","819",15,"Jan",2006,4,"Powder",-7,3
"35","819",13,"Feb",2006,5,"Crust",4,17.83
"36","880",26,"Feb",2006,3,"Powder",-15,9
"37","880",20,"Mar",2006,2,"Powder",0,36.17
"38","910",14,"Mar",2006,3,"Powder",-8,28.5
"39","910",21,"Mar",2006,1,"Powder",-7,33
"40","934",22,"Jan",2006,3,"Wet",3,15.33
"41","934",2,"Mar",2006,3,"Powder",-1,30.33
"42","1138",12,"Mar",2006,11,"Crust",0,12.5
"43","1294",10,"Dec",2005,5,"Wet",3,8.75
"44","1294",14,"Mar",2006,4,"Powder",-4,19
"45","2",4,"Mar",2010,5,"Crust",-6,26
"46","3",4,"Mar",2010,5,"Crust",-1,37.33
"47","4",22,"Feb",2013,3,"Powder",-5,29.83
"48","5",22,"Feb",2013,3,"Powder",-8,37.83
"49","6",23,"Feb",2013,4,"Powder",-10,38.5
"50","7",28,"Jan",2014,3,"Powder",-19,36.33
"51","7",28,"Jan",2014,3,"Powder",-19,36.33
"52","8",28,"Jan",2014,3,"Powder",-20,51.67
"53","8",28,"Jan",2014,3,"Powder",-20,51.67
"54","13",2,"Mar",2010,3,"Powder",2,36
"55","16",19,"Feb",2013,3,"Powder",-14,49.5
"56","17",27,"Feb",2013,4,"Crust",-20,36.17
"57","18",23,"Feb",2013,4,"Powder",-10,45.33
"58","19",31,"Jan",2014,5,"Powder",-18,52.67
"59","19",31,"Jan",2014,5,"Powder",-18,52.67
"60","20",31,"Jan",2014,5,"Powder",-20,52.33
"61","20",31,"Jan",2014,5,"Powder",-20,52.33
"62","32",2,"Mar",2010,3,"Wet",7,35.83
"63","33",3,"Mar",2010,4,"Wet",9,31.33
"64","34",3,"Mar",2010,4,"Crust",-2,36.33
"65","36",28,"Feb",2013,5,"Powder",-10,43.83
"66","37",28,"Feb",2013,5,"Powder",-10,42.33
"67","38",30,"Jan",2014,4,"Crust",-20,57
"68","38",30,"Jan",2014,4,"Crust",-20,57
"69","39",30,"Jan",2014,4,"Powder",-20,51.83
"70","39",30,"Jan",2014,4,"Powder",-20,51.83
"71","54",7,"Mar",2012,3,"Powder",-15,34.17
"72","55",7,"Mar",2012,3,"Powder",-12,30.5
"73","55",7,"Mar",2012,3,"Powder",-12,29.33
"74","56",8,"Mar",2012,4,"Powder",-6,35.17
"75","56",8,"Mar",2012,4,"Powder",-6,36.17
"76","63",26,"Feb",2013,5,"Crust",-20,51.33
"77","64",1,"Mar",2013,6,"Powder",-10,43.67
"78","65",1,"Mar",2013,6,"Powder",-10,42
"79","82",26,"Feb",2012,3,"Powder",-17,42.17
"80","82",26,"Feb",2012,3,"Powder",-17,42.17
"81","83",27,"Feb",2012,4,"Powder",-12,41.33
"82","83",27,"Feb",2012,4,"Powder",-12,44.67
"83","84",28,"Feb",2012,5,"Powder",-5,37.5
"84","84",28,"Feb",2012,5,"Powder",-5,40.67
"85","91",26,"Feb",2013,6,"Powder",-18,56
"86","92",25,"Feb",2013,4,"Powder",-10,44.67
"87","93",24,"Feb",2013,3,"Powder",-12,42.5
"88","111",26,"Feb",2012,3,"Powder",-17,46.67
"89","111",26,"Feb",2012,3,"Powder",-17,40
"90","112",27,"Feb",2012,4,"Powder",-19,34.67
"91","112",27,"Feb",2012,4,"Powder",-19,36.83
"92","113",28,"Feb",2012,5,"Powder",-4,44.33
"93","113",28,"Feb",2012,5,"Powder",-4,37
"94","121",25,"Feb",2013,4,"Powder",-12,40.17
"95","122",24,"Feb",2013,3,"Powder",-12,46.67
"96","134",8,"Jan",2012,3,"Powder",-4,35.83
"97","134",8,"Jan",2012,3,"Powder",-4,33.33
"98","135",9,"Jan",2012,4,"Powder",0,37.5
"99","135",9,"Jan",2012,4,"Powder",0,38.67
"100","136",18,"Dec",2011,3,"Powder",-15,28
"101","136",18,"Dec",2011,3,"Powder",-15,28.5
"102","149",3,"Feb",2012,4,"Powder",-5,37.83
"103","150",3,"Feb",2012,4,"Powder",-10,30.83
"104","151",4,"Feb",2012,5,"Powder",0,27.17
"105","153",11,"Jan",2013,3,"Powder",-27,16.5
"106","154",11,"Jan",2013,3,"Powder",-28,37.33
"107","154",11,"Jan",2013,3,"Powder",-28,37.33
"108","163",8,"Jan",2012,3,"Powder",-3,40.83
"109","163",8,"Jan",2012,3,"Powder",-3,40.83
"110","164",21,"Dec",2011,6,"Powder",-12,33.5
"111","164",21,"Dec",2011,6,"Powder",-12,33.5
"112","165",19,"Dec",2011,4,"Powder",-3,36.5
"113","165",19,"Dec",2011,4,"Powder",-3,30.67
"114","178",2,"Feb",2012,3,"Powder",-18,13.83
"115","179",4,"Feb",2012,5,"Crust",-2,38.5
"116","180",4,"Feb",2012,5,"Powder",-4,31
"117","182",12,"Jan",2013,4,"Powder",-24,37.33
"118","183",1,"Feb",2014,6,"Powder",-15,47.5
"119","183",1,"Feb",2014,6,"Powder",-15,47.5
"120","192",21,"Dec",2011,6,"Powder",-10,30.17
"121","192",21,"Dec",2011,6,"Powder",-10,28
"122","193",20,"Dec",2011,5,"Powder",-8,32.67
"123","193",20,"Dec",2011,5,"Powder",-8,24.17
"124","194",20,"Dec",2011,5,"Powder",-8,35.67
"125","194",20,"Dec",2011,5,"Powder",-8,35.67
"126","207",2,"Feb",2012,3,"Powder",-5,5.5
"127","208",5,"Feb",2012,6,"Powder",-7,35
"128","209",5,"Feb",2012,6,"Powder",-10,39.5
"129","211",14,"Jan",2013,6,"Powder",-21,38.83
"130","212",31,"Jan",2014,5,"Powder",-22,55.33
"131","212",31,"Jan",2014,5,"Powder",-22,55.33
"132","213",1,"Feb",2014,6,"Powder",-16,55.5
"133","213",1,"Feb",2014,6,"Powder",-16,55.5
"134","216",18,"Jan",2009,6,"Powder",-5,59
"135","217",24,"Jan",2009,2,"Powder",-28,59.5
"136","218",18,"Jan",2009,6,"Wet",2,57
"137","231",11,"Jan",2012,6,"Powder",-14,32.83
"138","231",11,"Jan",2012,6,"Powder",-14,30.17
"139","232",11,"Jan",2012,6,"Powder",-14,32.67
"140","232",11,"Jan",2012,6,"Powder",-14,32.67
"141","233",3,"Feb",2012,4,"Powder",-1,38.5
"142","233",3,"Feb",2012,4,"Powder",-1,43
"143","238",4,"Feb",2014,3,"Powder",-22,48.5
"144","238",4,"Feb",2014,3,"Powder",-22,48.5
"145","239",5,"Feb",2014,3,"Powder",-18,43.5
"146","239",5,"Feb",2014,3,"Powder",-18,43.5
"147","240",30,"Jan",2014,4,"Powder",-22,35.83
"148","240",30,"Jan",2014,4,"Powder",-22,35.83
"149","241",31,"Jan",2014,5,"Powder",-20,45.5
"150","241",31,"Jan",2014,5,"Powder",-20,45.5
"151","242",29,"Jan",2014,3,"Powder",-26,43.33
"152","242",29,"Jan",2014,3,"Powder",-26,43.33
"153","246",24,"Jan",2009,3,"Powder",-25,62.67
"154","247",17,"Jan",2009,5,"Powder",-5,55.33
"155","248",18,"Jan",2009,6,"Powder",2,56.17
"156","261",10,"Jan",2012,5,"Powder",-15,26.33
"157","261",10,"Jan",2012,5,"Powder",-15,25.33
"158","262",24,"Jan",2012,3,"Powder",-18,35.33
"159","262",24,"Jan",2012,3,"Powder",-18,38
"160","263",24,"Jan",2012,3,"Powder",-18,35
"161","263",24,"Jan",2012,3,"Powder",-18,37.17
"162","268",7,"Feb",2014,5,"Powder",-20,50
"163","268",7,"Feb",2014,5,"Powder",-20,50
"164","269",5,"Feb",2014,3,"Powder",-22,43
"165","269",5,"Feb",2014,3,"Powder",-22,43
"166","270",20,"Mar",2013,6,"Powder",-15,70.83
"167","270",20,"Mar",2013,6,"Powder",-15,70.83
"168","271",19,"Mar",2013,6,"Powder",-15,59
"169","271",19,"Mar",2013,6,"Powder",-15,59
"170","272",17,"Mar",2013,3,"Powder",-23,64
"171","272",17,"Mar",2013,3,"Powder",-23,64
"172","276",15,"Jan",2009,3,"Powder",-5,67.5
"173","278",17,"Jan",2009,6,"Wet",5,65.17
"174","291",10,"Jan",2012,5,"Powder",-17,31.67
"175","291",10,"Jan",2012,5,"Powder",-17,23
"176","292",25,"Jan",2012,4,"Powder",-10,24.67
"177","292",25,"Jan",2012,4,"Powder",-10,33.67
"178","293",25,"Jan",2012,4,"Powder",-15,25.67
"179","293",25,"Jan",2012,4,"Powder",-15,31
"180","297",7,"Feb",2014,5,"Powder",-22,40.67
"181","297",7,"Feb",2014,5,"Powder",-22,40.67
"182","298",6,"Feb",2014,4,"Powder",-20,37.83
"183","298",6,"Feb",2014,4,"Powder",-20,37.83
"184","299",6,"Feb",2014,4,"Powder",-19,36.33
"185","299",6,"Feb",2014,4,"Powder",-19,36.33
"186","300",16,"Mar",2013,4,"Powder",-22,59
"187","301",16,"Mar",2013,4,"Powder",-20,65.83
"188","301",16,"Mar",2013,4,"Powder",-20,65.83
"189","302",17,"Mar",2013,3,"Powder",-20,73.33
"190","302",17,"Mar",2013,3,"Powder",-20,73.33
"191","314",25,"Jan",2009,2,"Powder",-18,55.83
"192","315",12,"Mar",2014,3,"Powder",-6,45.17
"193","316",27,"Jan",2009,5,"Powder",-15,50.17
"194","316",27,"Jan",2009,5,"Powder",-15,50.17
"195","323",21,"Jan",2013,3,"Powder",-22,72.67
"196","323",21,"Jan",2013,3,"Powder",-22,72.67
"197","324",22,"Jan",2013,4,"Powder",-25,77.5
"198","324",22,"Jan",2013,4,"Powder",-25,77.5
"199","325",3,"Mar",2013,4,"Powder",-6,65.67
"200","329",24,"Feb",2008,5,"Powder",-5,57.83
"201","330",23,"Feb",2008,4,"Crust",-3,45.67
"202","331",23,"Feb",2008,4,"Powder",-5,58.33
"203","332",24,"Mar",2012,4,"Powder",-8,47.5
"204","343",25,"Jan",2009,2,"Powder",-20,59.83
"205","344",22,"Mar",2014,3,"Powder",-10,17.17
"206","345",28,"Jan",2009,6,"Powder",-15,58.67
"207","352",1,"Feb",2011,5,"Powder",-12,46.33
"208","353",2,"Feb",2011,6,"Powder",-10,59.33
"209","354",4,"Mar",2013,5,"Powder",-7,58
"210","358",23,"Feb",2008,4,"Powder",0,49
"211","359",24,"Feb",2008,5,"Powder",-5,52.17
"212","360",22,"Feb",2008,3,"Powder",-16,53
"213","361",25,"Mar",2012,5,"Powder",-5,56.17
"214","362",18,"Mar",2013,3,"Powder",-15,70.33
"215","362",18,"Mar",2013,3,"Powder",-15,70.33
"216","373",12,"Mar",2014,3,"Wet",3,48.83
"217","374",12,"Mar",2014,3,"Powder",3,58.83
"218","374",12,"Mar",2014,3,"Powder",3,58.83
"219","374",12,"Mar",2014,3,"Powder",3,58.83
"220","375",26,"Jan",2009,4,"Powder",-15,56.17
"221","382",1,"Feb",2011,5,"Powder",-10,46.5
"222","383",2,"Feb",2011,6,"Powder",-5,44.67
"223","384",3,"Mar",2013,4,"Powder",-3,71.67
"224","388",24,"Feb",2008,5,"Powder",-5,55
"225","389",22,"Feb",2008,3,"Powder",1,54.67
"226","390",22,"Feb",2008,3,"Powder",0,54.67
"227","391",26,"Mar",2012,6,"Crust",0,36.5
"228","392",18,"Mar",2013,3,"Powder",-16,73.67
"229","392",18,"Mar",2013,3,"Powder",-16,73.67
"230","397",24,"Mar",2013,3,"Powder",-1,84.67
"231","397",24,"Mar",2013,3,"Powder",-1,84.67
"232","398",9,"Feb",2013,5,"Powder",-10,84
"233","399",9,"Feb",2013,5,"Powder",-1,43.5
"234","407",27,"Mar",2014,6,"Powder",-8,45.33
"235","408",24,"Mar",2014,3,"Powder",-20,48.33
"236","412",25,"Feb",2009,3,"Powder",-30,64.33
"237","412",25,"Feb",2009,3,"Powder",-30,64.33
"238","413",25,"Feb",2009,3,"Powder",-32,57.67
"239","413",25,"Feb",2009,3,"Powder",-32,57.67
"240","414",26,"Feb",2009,4,"Powder",-26,57.83
"241","414",26,"Feb",2009,4,"Powder",-26,57.83
"242","415",20,"Jan",2012,5,"Crust",-24,27.5
"243","416",20,"Jan",2012,5,"Powder",-25,22.83
"244","417",5,"Jan",2013,3,"Powder",-10,41.5
"245","418",24,"Mar",2014,4,"Powder",-15,29.83
"246","419",25,"Mar",2014,5,"Powder",-18,28.83
"247","421",23,"Jan",2013,4,"Powder",-25,59.83
"248","422",23,"Jan",2013,4,"Powder",-30,59.67
"249","422",23,"Jan",2013,4,"Powder",-30,59.67
"250","427",24,"Mar",2013,3,"Powder",-10,84.17
"251","427",24,"Mar",2013,3,"Powder",-10,84.17
"252","428",25,"Mar",2013,4,"Crust",-6,76.17
"253","429",11,"Feb",2013,3,"Powder",-1,85.67
"254","436",1,"Mar",2014,6,"Powder",-39,47.33
"255","437",25,"Mar",2014,4,"Powder",-18,50.17
"256","438",23,"Mar",2014,3,"Powder",-10,37
"257","442",28,"Feb",2009,6,"Powder",-22,60
"258","442",28,"Feb",2009,6,"Powder",-22,60
"259","444",26,"Feb",2009,4,"Powder",-14,59.5
"260","444",26,"Feb",2009,4,"Powder",-14,59.5
"261","445",19,"Jan",2012,4,"Powder",-22,38.33
"262","446",19,"Jan",2012,4,"Powder",-24,18.33
"263","447",7,"Dec",2012,3,"Powder",-18,37.17
"264","448",25,"Mar",2014,5,"Crust",-16,14.83
"265","451",22,"Jan",2013,3,"Powder",-21,59.83
"266","451",22,"Jan",2013,3,"Powder",-21,59.83
"267","452",22,"Jan",2013,3,"Powder",-10,45
"268","457",8,"Feb",2013,4,"Powder",-10,73.5
"269","458",25,"Mar",2013,4,"Crust",2,73.33
"270","459",26,"Mar",2013,5,"Powder",-8,70.83
"271","466",24,"Mar",2014,4,"Powder",-5,34.67
"272","467",28,"Feb",2014,5,"Powder",-34,45
"273","468",28,"Feb",2014,5,"Powder",-26,46
"274","472",28,"Feb",2009,6,"Powder",-30,57.5
"275","473",27,"Feb",2009,5,"Crust",-30,56.33
"276","473",27,"Feb",2009,5,"Crust",-30,56.33
"277","474",27,"Feb",2009,5,"Powder",-23,58
"278","474",27,"Feb",2009,5,"Powder",-23,58
"279","475",18,"Jan",2012,3,"Powder",-29,28.33
"280","476",18,"Jan",2012,3,"Powder",-27,21.17
"281","477",4,"Jan",2013,4,"Powder",-10,39.5
"282","478",24,"Mar",2014,4,"Powder",-16,36.17
"283","481",21,"Jan",2012,6,"Powder",-26,29.67
"284","482",21,"Jan",2012,6,"Powder",-25,22.17
"285","483",23,"Mar",2012,3,"Powder",-10,53.17
"286","484",12,"Feb",2009,3,"Powder",-27,54.17
"287","491",7,"Feb",2013,3,"Powder",-10,43.33
"288","492",7,"Feb",2013,3,"Powder",-10,58.5
"289","493",10,"Feb",2013,6,"Powder",-8,55.5
"290","497",19,"Feb",2011,4,"Powder",-17,44
"291","498",11,"Jan",2011,3,"Powder",-20,52.5
"292","499",11,"Jan",2011,3,"Powder",-21,41.83
"293","506",6,"Feb",2010,3,"Powder",-8,22.67
"294","507",6,"Feb",2010,3,"Powder",-8,40.67
"295","508",6,"Feb",2010,4,"Powder",-8,10.5
"296","512",5,"Mar",2008,3,"Powder",-11,83.33
"297","513",26,"Jan",2009,5,"Crust",-26,19.83
"298","513",26,"Jan",2009,5,"Crust",-26,19.83
"299","515",12,"Feb",2009,3,"Powder",-27,49.17
"300","522",7,"Feb",2013,3,"Powder",-11,77.33
"301","523",7,"Feb",2013,3,"Powder",-10,60.83
"302","524",10,"Feb",2013,6,"Powder",0,80.17
"303","528",6,"Mar",2011,4,"Powder",-25,55.5
"304","529",20,"Feb",2011,5,"Powder",-16,55.33
"305","530",6,"Mar",2011,3,"Powder",-25,62.67
"306","537",6,"Feb",2010,3,"Powder",-8,44.17
"307","538",5,"Jan",2013,4,"Powder",-8,48.83
"308","544",7,"Feb",2010,3,"Powder",0,34.5
"309","545",6,"Mar",2008,4,"Powder",-25,108.3
"310","553",8,"Feb",2013,4,"Powder",-8,28.83
"311","554",8,"Feb",2013,4,"Powder",-12,41.67
"312","555",10,"Feb",2013,6,"Powder",-1,68.17
"313","559",7,"Mar",2011,5,"Powder",-20,30
"314","560",5,"Mar",2011,3,"Powder",-20,53.67
"315","561",12,"Jan",2011,4,"Powder",-24,40.83
"316","568",31,"Jan",2013,3,"Powder",-21,70.67
"317","569",10,"Feb",2010,5,"Powder",-3,33.67
"318","570",7,"Feb",2010,4,"Powder",-7,19.83
"319","574",10,"Feb",2010,4,"Powder",-2,21.5
"320","575",7,"Mar",2008,5,"Powder",10,57.17
"321","576",8,"Feb",2010,3,"Powder",-16,37.33
"322","580",17,"Dec",2012,3,"Powder",-17,47.33
"323","584",16,"Jan",2009,3,"Powder",-5,61.33
"324","585",19,"Jan",2009,6,"Wet",5,58.5
"325","586",25,"Jan",2009,3,"Powder",-29,50.5
"326","595",26,"Feb",2014,5,"Powder",-4,45
"327","599",12,"Mar",2009,5,"Wet",-4,56.67
"328","599",12,"Mar",2009,5,"Wet",-4,56.67
"329","600",7,"Feb",2010,3,"Powder",-10,43.33
"330","601",9,"Feb",2010,3,"Powder",-8,29
"331","602",27,"Jan",2013,3,"Powder",-9,47.67
"332","603",28,"Mar",2013,6,"Crust",-4,89.83
"333","603",28,"Mar",2013,6,"Crust",-4,89.83
"334","604",27,"Jan",2013,3,"Powder",-15,83.83
"335","605",24,"Feb",2013,4,"Powder",1,67.17
"336","606",25,"Jan",2014,5,"Crust",1,41.17
"337","607",24,"Jan",2014,4,"Crust",1,41
"338","608",27,"Mar",2013,5,"Wet",-3,91.5
"339","608",27,"Mar",2013,5,"Wet",-3,91.5
"340","610",24,"Feb",2014,4,"Powder",-10,67.5
"341","611",17,"Dec",2012,3,"Powder",-15,46.67
"342","612",17,"Dec",2012,3,"Powder",-14,38.67
"343","616",17,"Jan",2009,4,"Powder",-8,60
"344","617",19,"Jan",2009,6,"Crust",-8,49.17
"345","618",26,"Jan",2009,4,"Powder",-22,60.17
"346","625",26,"Feb",2014,5,"Powder",-22,51.33
"347","626",26,"Feb",2014,5,"Powder",-14,56.17
"348","627",26,"Feb",2014,5,"Powder",-4,59
"349","631",12,"Mar",2009,5,"Powder",-15,76.5
"350","632",19,"Mar",2009,3,"Powder",-10,72
"351","633",19,"Mar",2009,3,"Powder",-4,72.83
"352","634",26,"Mar",2013,3,"Powder",-5,96.83
"353","635",25,"Feb",2013,5,"Powder",-5,66.17
"354","635",25,"Feb",2013,5,"Powder",-5,66.17
"355","636",23,"Feb",2013,3,"Powder",-5,76.33
"356","637",24,"Feb",2013,4,"Powder",-5,67.5
"357","638",25,"Jan",2014,5,"Wet",6,42.33
"358","639",24,"Jan",2014,4,"Wet",6,38.67
"359","640",19,"Mar",2013,4,"Powder",-10,72.33
"360","640",19,"Mar",2013,4,"Powder",-10,72.33
"361","642",14,"Dec",2012,3,"Powder",-12,51.83
"362","643",17,"Dec",2012,3,"Powder",-21,54.5
"363","644",17,"Dec",2012,3,"Powder",-21,47.5
"364","648",18,"Jan",2009,5,"Wet",5,42.5
"365","649",18,"Jan",2009,5,"Wet",5,59.5
"366","650",26,"Jan",2009,4,"Powder",-28,43.67
"367","659",27,"Feb",2014,6,"Powder",-25,54.67
"368","663",8,"Feb",2010,4,"Powder",-12,47.67
"369","664",20,"Mar",2009,4,"Powder",-2,72
"370","665",20,"Mar",2009,4,"Wet",2,66.83
"371","666",26,"Mar",2013,4,"Powder",-5,83
"372","667",25,"Feb",2013,5,"Powder",-5,71.67
"373","667",25,"Feb",2013,5,"Powder",-5,71.67
"374","668",23,"Feb",2013,3,"Powder",0,72.5
"375","669",23,"Feb",2013,3,"Powder",-1,65.67
"376","672",19,"Mar",2013,4,"Powder",-12,72.33
"377","672",19,"Mar",2013,4,"Powder",-12,72.33
"378","673",25,"Feb",2014,5,"Crust",-15,63.83
"379","674",15,"Dec",2012,4,"Powder",-13,38.67
"380","675",16,"Dec",2012,5,"Powder",-19,50
"381","688",7,"Feb",2009,5,"Powder",-8,51.5
"382","689",8,"Feb",2009,6,"Crust",3,43
"383","690",8,"Feb",2009,6,"Wet",-1,51
"384","691",28,"Feb",2014,6,"Powder",-28,60.83
"385","692",26,"Feb",2014,4,"Powder",-15,56
"386","693",25,"Feb",2014,3,"Powder",-15,52.33
"387","694",25,"Feb",2014,4,"Powder",-25,48.83
"388","695",24,"Feb",2014,3,"Powder",-29,45
"389","696",15,"Feb",2014,3,"Powder",-18,41
"390","697",25,"Jan",2011,4,"Powder",-10,68.17
"391","698",18,"Dec",2010,3,"Powder",-15,32.83
"392","699",18,"Dec",2010,3,"Powder",-13,32.83
"393","704",16,"Dec",2012,5,"Powder",-8,68.67
"394","705",15,"Dec",2012,4,"Powder",-15,43.33
"395","706",16,"Dec",2012,5,"Powder",-12,44.83
"396","719",7,"Feb",2009,5,"Powder",-8,44
"397","720",13,"Feb",2009,3,"Powder",-22,44.58
"398","721",14,"Feb",2009,4,"Powder",-22,64.83
"399","722",26,"Feb",2014,4,"Powder",-10,59.33
"400","723",28,"Feb",2014,6,"Powder",-28,61.5
"401","724",25,"Feb",2014,3,"Powder",-25,50
"402","725",15,"Feb",2014,3,"Powder",-5,50.5
"403","726",24,"Feb",2014,3,"Powder",-16,59
"404","727",5,"Jan",2014,3,"Powder",-34,51.5
"405","728",26,"Jan",2011,5,"Wet",5,74.83
"406","729",18,"Dec",2010,3,"Powder",-12,34
"407","730",26,"Jan",2011,5,"Powder",0,26.83
"408","735",16,"Dec",2012,5,"Powder",-8,59.5
"409","736",15,"Dec",2012,4,"Powder",-13,55.67
"410","737",15,"Dec",2012,4,"Powder",-14,46.17
"411","744",27,"Nov",2013,3,"Crust",-13,18.5
"412","745",5,"Jan",2014,4,"Powder",-31,54
"413","746",5,"Jan",2014,4,"Powder",-28,54.83
"414","750",15,"Feb",2009,5,"Powder",-18,22.67
"415","751",13,"Feb",2009,3,"Powder",-20,65.33
"416","752",14,"Feb",2009,4,"Powder",-18,60.33
"417","753",26,"Feb",2014,4,"Powder",-7,62.83
"418","754",27,"Feb",2014,5,"Powder",-10,59.67
"419","755",24,"Feb",2014,3,"Powder",-25,38.83
"420","756",15,"Feb",2014,3,"Powder",-17,49.5
"421","757",5,"Jan",2014,3,"Powder",-26,38.33
"422","758",15,"Feb",2014,3,"Powder",-8,30
"423","759",8,"Jan",2010,5,"Powder",-16,39
"424","760",25,"Jan",2011,4,"Powder",-6,36.83
"425","761",26,"Jan",2011,5,"Powder",2,25.83
"426","770",13,"Jan",2013,5,"Powder",-17,41.33
"427","772",13,"Jan",2013,5,"Powder",-12,46.33
"428","776",27,"Nov",2013,3,"Crust",-7,16.17
"429","777",5,"Jan",2014,4,"Powder",-38,51.17
"430","778",24,"Feb",2014,3,"Powder",-35,35
"431","791",5,"Feb",2008,3,"Powder",-15,52.17
"432","792",6,"Mar",2008,3,"Powder",-20,53.67
"433","793",5,"Feb",2008,4,"Powder",-22,48
"434","794",16,"Dec",2012,4,"Powder",-8,33.5
"435","802",10,"Apr",2013,3,"Wet",7,66.67
"436","804",12,"Jan",2013,4,"Powder",-14,47
"437","808",8,"Jan",2014,3,"Powder",-5,55.83
"438","809",8,"Jan",2014,3,"Powder",-4,44.67
"439","810",8,"Jan",2014,3,"Powder",-7,52
"440","823",6,"Mar",2008,3,"Crust",-5,50
"441","824",5,"Feb",2008,3,"Powder",-10,19.33
"442","825",6,"Mar",2008,3,"Powder",-20,55
"443","826",15,"Dec",2012,3,"Powder",2,29.33
"444","827",15,"Dec",2012,3,"Powder",-15,28.17
"445","828",16,"Dec",2012,4,"Powder",-12,31.5
"446","829",17,"Dec",2012,5,"Powder",-11,21.5
"447","834",7,"Dec",2013,5,"Powder",-10,24.33
"448","835",7,"Dec",2013,5,"Crust",-16,28.67
"449","855",7,"Mar",2008,4,"Crust",0,38.83
"450","856",6,"Mar",2008,3,"Powder",-7,44.17
"451","857",6,"Mar",2008,3,"Powder",-11,39.17
"452","858",7,"Dec",2012,3,"Powder",-17,21.17
"453","859",28,"Jan",2013,4,"Powder",-10,43.5
"454","860",16,"Dec",2012,4,"Powder",-10,31.33
"455","861",17,"Dec",2012,5,"Powder",-11,14.67
"456","866",12,"Feb",2009,5,"Crust",-15,25
"457","867",12,"Feb",2009,5,"Powder",-11,36.17
"458","868",13,"Feb",2009,4,"Powder",-15,47.67
"459","876",20,"Mar",2012,3,"Powder",-9,39.33
"460","877",21,"Feb",2011,4,"Powder",-2,73.83
"461","881",6,"Jan",2010,3,"Powder",-19,20.33
"462","882",8,"Jan",2010,5,"Powder",-14,24.17
"463","883",7,"Jan",2010,4,"Powder",-20,22.17
"464","890",6,"Jan",2011,5,"Powder",-2,26.5
"465","891",28,"Jan",2011,5,"Crust",-9,38.5
"466","892",28,"Jan",2011,5,"Crust",-8,33.17
"467","899",12,"Feb",2009,5,"Crust",-20,28.17
"468","900",12,"Feb",2009,5,"Powder",-22,48.5
"469","901",13,"Feb",2009,4,"Crust",-8,42.67
"470","908",20,"Mar",2012,3,"Powder",-4,35.33
"471","909",9,"Feb",2011,3,"Powder",-5,69.33
"472","910",4,"Jan",2011,3,"Powder",-6,34.83
"473","914",7,"Jan",2010,4,"Powder",-26,16.5
"474","915",7,"Jan",2010,4,"Powder",-20,31.5
"475","916",7,"Jan",2010,4,"Powder",-25,25.67
"476","923",2,"Feb",2011,3,"Crust",-1,43.83
"477","924",28,"Jan",2011,5,"Crust",-11,41.67
"478","925",2,"Feb",2011,3,"Crust",3,34.83
"479","932",12,"Feb",2009,5,"Powder",-22,54.5
"480","933",13,"Feb",2009,6,"Powder",-14,52.67
"481","934",12,"Feb",2009,3,"Powder",-15,48.33
"482","941",14,"Mar",2011,3,"Powder",-1,74.83
"483","942",14,"Mar",2011,3,"Powder",-3,93.5
"484","943",20,"Feb",2011,3,"Powder",-6,64
"485","947",6,"Jan",2010,3,"Powder",-22,22.33
"486","948",7,"Jan",2010,4,"Powder",-21,18.67
"487","949",6,"Jan",2010,3,"Powder",-26,53.83
"488","956",15,"Feb",2014,3,"Powder",-16,9.333
"489","957",2,"Feb",2011,3,"Crust",2,22.17
"490","958",21,"Feb",2011,4,"Crust",-19,29.33
"491","962",17,"Mar",2011,6,"Powder",-12,77.83
"492","963",16,"Mar",2011,5,"Powder",-10,54.33
"493","964",16,"Mar",2011,5,"Powder",-10,60.33
"494","968",10,"Feb",2011,3,"Wet",2,40.33
"495","969",10,"Feb",2011,3,"Powder",1,56.33
"496","970",11,"Feb",2011,4,"Wet",5,32
"497","974",9,"Feb",2009,3,"Powder",-4,60.5
"498","974",9,"Feb",2009,3,"Powder",-4,60.5
"499","975",12,"Feb",2009,6,"Powder",-12,58.83
"500","975",12,"Feb",2009,6,"Powder",-12,58.83
"501","976",10,"Feb",2009,4,"Powder",-7,59.33
"502","976",10,"Feb",2009,4,"Powder",-7,59.33
"503","983",25,"Jan",2012,4,"Powder",-5,22.83
"504","984",25,"Jan",2012,4,"Crust",2,15.5
"505","985",9,"Mar",2012,3,"Powder",2,15.83
"506","989",15,"Feb",2014,3,"Powder",-10,12.83
"507","990",7,"Mar",2011,4,"Crust",-22,40.5
"508","991",21,"Feb",2011,4,"Crust",-15,45.5
"509","995",17,"Mar",2011,6,"Crust",-8,70.33
"510","996",15,"Mar",2011,4,"Crust",-1,60.67
"511","997",15,"Mar",2011,4,"Crust",-2,64.33
"512","1001",11,"Feb",2011,4,"Powder",2,64.67
"513","1002",12,"Feb",2011,4,"Powder",4,58.67
"514","1003",27,"Mar",2011,3,"Powder",-3,10.17
"515","1007",2,"Mar",2009,5,"Powder",-10,66.5
"516","1008",11,"Feb",2009,5,"Powder",-8,63.5
"517","1008",11,"Feb",2009,5,"Powder",-8,63.5
"518","1009",28,"Feb",2009,3,"Powder",-24,25.67
"519","1016",24,"Jan",2012,3,"Powder",-3,17
"520","1017",24,"Jan",2012,3,"Powder",1,14.33
"521","1018",15,"Nov",2012,6,"Powder",-2,16.5
"522","1022",7,"Mar",2011,4,"Powder",-18,49.5
"523","1023",7,"Mar",2011,4,"Crust",-22,48.5
"524","1024",21,"Feb",2011,4,"Crust",-14,31.83
"525","1030",16,"Mar",2011,5,"Powder",0,77.5
"526","1031",15,"Mar",2011,4,"Powder",0,57.83
"527","1035",11,"Feb",2011,4,"Powder",4,52.33
"528","1036",12,"Feb",2011,5,"Powder",1,50.17
"529","1037",12,"Feb",2011,5,"Wet",3,32.17
"530","1041",4,"Feb",2009,4,"Powder",2,42.5
"531","1041",4,"Feb",2009,4,"Powder",2,42.5
"532","1042",1,"Mar",2009,4,"Powder",-5,55.33
"533","1042",1,"Mar",2009,4,"Powder",-5,55.33
"534","1043",28,"Feb",2009,3,"Powder",-17,46.83
"535","1050",29,"Feb",2012,3,"Powder",-11,20
"536","1051",24,"Jan",2012,3,"Powder",-5,6.833
"537","1052",14,"Nov",2012,5,"Powder",2,16.17
"538","1056",7,"Mar",2011,4,"Powder",-18,50.17
"539","1057",6,"Mar",2011,3,"Crust",-19,37.33
"540","1058",21,"Feb",2011,4,"Powder",-9,47.83
"541","1069",13,"Mar",2009,5,"Powder",4,42.5
"542","1069",13,"Mar",2009,5,"Powder",4,42.5
"543","1070",11,"Mar",2009,3,"Powder",-10,44
"544","1070",11,"Mar",2009,3,"Powder",-10,44
"545","1071",18,"Mar",2011,3,"Powder",-9,68.83
"546","1072",24,"Jan",2011,3,"Powder",3,58.17
"547","1073",24,"Jan",2011,3,"Wet",3,51
"548","1077",16,"Feb",2014,4,"Powder",-6,51.5
"549","1078",28,"Nov",2013,4,"Powder",-11,24.83
"550","1079",18,"Dec",2013,5,"Powder",-18,57.83
"551","1083",6,"Jan",2009,6,"Powder",0,16
"552","1084",6,"Nov",2013,4,"Powder",1,8.5
"553","1085",12,"Feb",2009,3,"Powder",-14,30.17
"554","1092",19,"Jan",2012,4,"Powder",-27,4.5
"555","1093",19,"Jan",2012,4,"Powder",-23,10.33
"556","1094",18,"Jan",2012,3,"Powder",-28,9.833
"557","1101",30,"Mar",2009,3,"Powder",-2,48.33
"558","1103",12,"Mar",2009,4,"Powder",2,46.17
"559","1104",26,"Mar",2011,3,"Powder",3,74
"560","1105",30,"Mar",2011,3,"Wet",8,76.33
"561","1106",24,"Jan",2011,3,"Wet",5,46
"562","1110",19,"Dec",2013,6,"Powder",-27,56.17
"563","1111",19,"Dec",2013,6,"Powder",-28,45.33
"564","1112",18,"Dec",2013,5,"Powder",-18,40.83
"565","1116",17,"Jan",2009,5,"Wet",1,28.67
"566","1117",17,"Jan",2009,5,"Crust",0,20
"567","1118",4,"Feb",2008,3,"Powder",-20,36.17
"568","1125",19,"Jan",2012,4,"Powder",-20,7.167
"569","1126",19,"Jan",2012,4,"Powder",-20,11.83
"570","1127",18,"Jan",2012,3,"Powder",-30,12.83
"571","1134",30,"Mar",2009,3,"Powder",-1,40.33
"572","1135",12,"Mar",2009,4,"Powder",-3,54.67
"573","1136",27,"Jan",2011,6,"Wet",6,18
"574","1137",26,"Jan",2011,5,"Wet",5,32
"575","1138",25,"Jan",2011,4,"Powder",-2,36.17
"576","1142",17,"Dec",2013,4,"Crust",3,50
"577","1143",29,"Nov",2013,4,"Powder",-4,30.17
"578","1144",18,"Dec",2013,5,"Powder",-18,41.5
"579","1148",17,"Jan",2009,5,"Wet",4,19.5
"580","1149",4,"Feb",2008,3,"Powder",-20,26
"581","1150",4,"Feb",2008,3,"Powder",-20,21
"582","1157",3,"Jan",2012,3,"Crust",-1,4.167
"583","1158",3,"Jan",2012,3,"Crust",-1,5
"584","1159",18,"Jan",2012,3,"Powder",-33,12.83
"585","1169",26,"Jan",2011,5,"Crust",3,20.5
"586","1170",25,"Jan",2011,4,"Powder",1,39.67
"587","1171",25,"Jan",2011,4,"Wet",4,37.5
"588","1175",9,"Mar",2011,5,"Powder",1,53
"589","1176",25,"Jan",2011,4,"Crust",5,41.67
"590","1177",1,"Feb",2011,3,"Powder",-11,51.67
"591","1184",4,"Jan",2012,4,"Crust",0,6.5
"592","1185",24,"Jan",2012,3,"Powder",-4,9.5
"593","1186",17,"Jan",2012,3,"Powder",-29,5.667
"594","1190",3,"Mar",2009,6,"Powder",-11,16.83
"595","1191",3,"Mar",2009,6,"Powder",-10,25.17
"596","1192",3,"Mar",2009,6,NA,-10,18.83
"597","1201",27,"Jan",2011,6,"Crust",6,23.33
"598","1202",27,"Jan",2011,6,"Wet",6,29.17
"599","1203",30,"Mar",2011,3,"Wet",6,59.5
"600","1207",4,"Feb",2011,6,"Wet",7,41.67
"601","1208",26,"Mar",2011,3,"Powder",-5,47.5
"602","1209",2,"Feb",2011,4,"Powder",3,46.67
"603","1216",4,"Jan",2012,4,"Crust",0,5.167
"604","1217",24,"Jan",2012,3,"Powder",-2,8.833
"605","1218",17,"Jan",2012,3,"Powder",-29,6.333
"606","1222",10,"Mar",2009,3,"Powder",-22,17.67
"607","1223",2,"Mar",2009,5,"Powder",-4,17.17
"608","1224",2,"Mar",2009,5,"Crust",-4,26.67
"609","1231",15,"Dec",2010,3,"Powder",-4,31
"610","1237",3,"Feb",2011,5,"Powder",2,48
"611","1238",1,"Feb",2012,3,"Powder",-5,29.83
"612","1239",27,"Mar",2011,4,"Powder",-3,52.33
"613","1246",25,"Jan",2012,4,"Powder",3,12.33
"614","1247",4,"Jan",2012,4,"Crust",2,7.667
"615","1247",4,"Jan",2012,4,"Crust",2,7.667
"616","1248",25,"Jan",2012,4,"Powder",3,21
"617","1252",21,"Jan",2008,4,"Crust",-20,22
"618","1253",21,"Jan",2008,4,"Powder",-20,21.67
"619","1254",20,"Jan",2008,3,"Crust",-25,19.67
"620","1275",29,"Feb",2012,3,"Powder",-9,13
"621","1276",29,"Feb",2012,3,"Powder",-10,13.5
"622","1277",7,"Nov",2013,4,"Powder",-2,21.83
"623","1278",8,"Nov",2013,5,"Powder",-1,20
"624","1279",9,"Nov",2013,7,"Powder",-12,13.5
"625","1280",6,"Nov",2013,4,"Powder",-4,10.67
"626","1281",6,"Nov",2013,4,"Powder",-2,13.33
"627","1282",7,"Nov",2013,5,"Powder",-4,12
"628","1283",7,"Nov",2013,5,"Crust",-8,12.17
"629","1284",7,"Nov",2013,5,"Powder",-10,14.33
"630","1285",7,"Nov",2013,5,"Powder",-8,8.833
"631","1303",7,"Nov",2013,4,"Powder",-6,24
"632","1304",29,"Feb",2012,3,"Powder",-12,14.17
"633","1305",8,"Nov",2013,5,"Crust",-1,22.33
"634","1307",8,"Nov",2013,6,"Powder",-2,12.5
"635","1308",8,"Nov",2013,6,"Powder",-3,13.17
"636","1309",27,"Nov",2013,3,"Crust",-5,12.17
"637","1310",28,"Nov",2013,4,"Crust",-8,14.67
"638","1311",7,"Nov",2013,5,"Crust",-8,10.67
"639","1312",25,"Nov",2013,3,"Crust",-9,16
"640","1313",7,"Nov",2013,5,"Powder",-2,10.67
"641","1314",25,"Nov",2013,3,"Powder",-7,12
"642","1332",22,"Feb",2012,3,"Wet",0,12.67
"643","1332",22,"Feb",2012,3,"Wet",0,4.833
"644","1333",22,"Feb",2012,3,"Wet",0,6.333
"645","1333",22,"Feb",2012,3,"Wet",0,5.667
"646","1334",29,"Feb",2012,3,"Powder",-21,17
"647","1335",8,"Nov",2013,5,"Crust",-2,18.17
"648","1336",8,"Nov",2013,6,"Powder",-2,11.17
"649","1337",8,"Nov",2013,6,"Powder",-3,10.83
"650","1338",28,"Nov",2013,4,"Powder",-9,12.83
"651","1339",28,"Nov",2013,4,"Crust",-10,9.167
"652","1340",7,"Nov",2013,5,"Powder",-12,12.5
"653","1341",29,"Nov",2013,5,"Powder",-7,10
"654","1342",29,"Nov",2013,5,"Powder",-4,11.17
"655","1343",29,"Nov",2013,5,"Powder",-2,13.83
"656","1353",2,"Mar",2009,5,"Powder",-2,42.17
"657","1354",1,"Mar",2009,4,"Powder",-4,37.33
"658","1355",1,"Mar",2009,4,"Powder",-12,39.33
"659","1356",5,"Nov",2013,3,"Powder",-9,18.17
"660","1356",5,"Nov",2013,3,"Powder",-9,18.17
"661","1357",5,"Nov",2013,3,"Powder",-15,18.83
"662","1357",5,"Nov",2013,3,"Powder",-15,18.83
"663","1358",5,"Nov",2013,3,"Powder",-3,21.17
"664","1358",5,"Nov",2013,3,"Powder",-3,21.17
"665","1359",8,"Nov",2013,6,"Powder",-3,18.5
"666","1359",8,"Nov",2013,6,"Powder",-3,18.5
"667","1360",8,"Jan",2014,4,"Powder",-13,41.5
"668","1362",6,"Mar",2013,3,"Crust",-8,58
"669","1363",30,"Nov",2013,6,"Powder",-4,14.67
"670","1364",6,"Mar",2013,3,"Powder",-3,21.33
"671","1368",25,"Nov",2013,3,"Powder",-8,19
"672","1369",26,"Nov",2013,4,"Crust",-5,13.83
"673","1370",25,"Nov",2013,3,"Powder",-6,11.83
"674","1378",2,"Mar",2009,5,"Wet",5,26.67
"675","1379",1,"Mar",2009,4,"Powder",2,29.17
"676","1380",1,"Mar",2009,4,"Powder",-10,24.33
"677","1381",6,"Nov",2013,4,"Powder",-13,19
"678","1381",6,"Nov",2013,4,"Powder",-13,19
"679","1382",6,"Nov",2013,4,"Powder",-2,23.5
"680","1383",7,"Nov",2013,5,"Powder",-7,17.17
"681","1383",7,"Nov",2013,5,"Powder",-7,17.17
"682","1385",8,"Nov",2013,6,"Powder",-1,16.5
"683","1385",8,"Nov",2013,6,"Powder",-1,16.5
"684","1387",30,"Nov",2013,6,"Crust",-1,13.83
"685","1388",30,"Nov",2013,6,"Crust",-2,13.83
"686","1389",6,"Mar",2013,3,"Powder",-6,11.5
"687","1393",26,"Nov",2013,4,"Powder",-2,14
"688","1394",28,"Nov",2012,6,"Crust",-8,10.5
"689","1395",28,"Nov",2012,6,"Powder",-10,8.667
"690","1402",11,"Mar",2009,5,"Powder",-21,28.33
"691","1403",2,"Mar",2009,5,"Wet",-4,37.17
"692","1404",1,"Mar",2009,4,"Powder",-3,35.33
"693","1405",6,"Nov",2013,4,"Powder",-6,30.67
"694","1406",6,"Nov",2013,4,"Powder",1,28
"695","1407",7,"Nov",2013,5,"Powder",-8,24.83
"696","1407",7,"Nov",2013,5,"Powder",-8,24.83
"697","1408",7,"Nov",2013,5,"Powder",-7,22.67
"698","1408",7,"Nov",2013,5,"Powder",-7,22.67
"699","1409",8,"Nov",2013,6,"Powder",-3,11.83
"700","1409",8,"Nov",2013,6,"Powder",-3,11.83
"701","1410",8,"Jan",2014,4,"Powder",-15,39
"702","1411",26,"Nov",2012,4,"Powder",-5,13.17
"703","1412",27,"Nov",2012,5,"Crust",-15,17.17
"704","1413",27,"Nov",2012,5,"Powder",-6,15.17
"705","1418",27,"Nov",2013,5,"Powder",-7,15
"706","1419",26,"Nov",2013,4,"Powder",-8,9
"707","1420",26,"Nov",2013,4,"Powder",-9,14
"708","1428",12,"Jan",2011,3,"Powder",-18,43.5
"709","1429",22,"Dec",2010,4,"Powder",-4,33.5
"710","1430",22,"Dec",2010,4,"Powder",-16,34.33
"711","1434",28,"Feb",2009,4,"Powder",-7,9
"712","1435",1,"Mar",2009,5,"Powder",-6,12.17
"713","1435",1,"Mar",2009,5,"Powder",-6,12.17
"714","1436",1,"Mar",2009,5,"Powder",-7,9.833
"715","1436",1,"Mar",2009,5,"Powder",-7,9.833
"716","1437",16,"Dec",2011,5,"Powder",-2,17.17
"717","1438",15,"Dec",2011,4,"Powder",-10,19.17
"718","1439",27,"Nov",2013,5,"Powder",-6,13
"719","1440",27,"Nov",2013,5,"Powder",-14,10.67
"720","1441",27,"Nov",2013,5,"Crust",-8,13.17
"721","1443",28,"Feb",2012,3,"Powder",-21,19.67
"722","1450",21,"Dec",2010,3,"Powder",-9,24.67
"723","1451",14,"Dec",2010,5,"Powder",-3,24.33
"724","1452",13,"Dec",2010,4,"Powder",2,24.17
"725","1456",28,"Feb",2009,4,"Powder",-7,8.333
"726","1457",28,"Feb",2009,4,"Powder",-7,13
"727","1460",28,"Nov",2013,6,"Powder",-8,8.833
"728","1461",28,"Nov",2013,6,"Crust",-8,12.67
"729","1462",27,"Nov",2013,5,"Powder",-2,11.67
"730","1463",28,"Nov",2013,6,"Crust",-10,9.833
"731","1464",27,"Nov",2013,5,"Crust",-3,14.17
"732","1465",7,"Jan",2011,3,"Crust",-11,26
"733","1471",21,"Dec",2010,3,"Powder",7,37.5
"734","1472",12,"Dec",2010,3,"Powder",-8,21.33
"735","1473",13,"Dec",2010,4,"Powder",4,25.17
"736","1477",27,"Feb",2009,3,"Powder",-5,9.167
"737","1479",28,"Nov",2013,6,"Powder",-7,14
"738","1480",28,"Nov",2013,6,"Crust",-11,9.833
"739","1482",7,"Jan",2014,4,"Crust",-8,10.17
"740","1483",14,"Jan",2014,4,"Powder",-3,19.67
"741","1486",28,"Feb",2012,3,"Powder",-12,21.83
"742","1491",11,"Jan",2010,6,"Powder",0,29.33
"743","1492",2,"Jan",2011,4,"Wet",-5,48
"744","1493",1,"Jan",2011,3,"Powder",-16,26.67
"745","1494",7,"Dec",2013,4,"Crust",-23,38.17
"746","1494",7,"Dec",2013,4,"Crust",-23,38.17
"747","1496",26,"Feb",2014,3,"Powder",-5,1.667
"748","1496",26,"Feb",2014,3,"Powder",-5,1.667
"749","1497",26,"Feb",2014,3,"Powder",-2,1.333
"750","1497",26,"Feb",2014,3,"Powder",-2,1.333
"751","1500",14,"Dec",2011,3,"Powder",-2,23.5
"752","1506",26,"Jan",2008,4,"Powder",-7,17.67
"753","1510",11,"Jan",2010,6,"Powder",2,27
"754","1511",11,"Jan",2010,6,"Wet",4,24.17
"755","1512",1,"Jan",2011,3,"Powder",-6,29.67
"756","1513",13,"Jan",2013,3,"Powder",-4,11
"757","1516",27,"Feb",2014,4,"Powder",-9,2
"758","1516",27,"Feb",2014,4,"Powder",-9,2
"759","1520",24,"Jan",2012,3,"Powder",-3,9.5
"760","1525",26,"Jan",2008,4,"Powder",-10,10.67
"761","1526",25,"Jan",2008,3,"Powder",-20,18
"762","1529",10,"Feb",2011,3,"Powder",-6,19.33
"763","1530",11,"Jan",2010,5,"Wet",3,12.33
"764","1531",13,"Jan",2011,4,"Powder",-19,38
"765","1532",13,"Nov",2012,4,"Crust",-3,15.5
"766","1533",13,"Nov",2012,4,"Powder",1,17.17
"767","1534",11,"Dec",2012,3,"Powder",-1,9.333
"768","1538",17,"Dec",2011,6,"Wet",5,18.17
"769","1539",3,"Jan",2013,3,"Crust",-6,17.33
"770","1541",3,"Jan",2013,3,"Powder",-2,9.333
"771","1542",3,"Jan",2013,3,"Powder",-2,11.5
"772","1543",19,"Nov",2013,3,"Powder",-12,12
"773","1545",25,"Jan",2008,3,"Crust",-15,17.67
"774","1550",9,"Jan",2010,4,"Wet",0,36.5
"775","1551",9,"Jan",2010,4,"Wet",0,43
"776","1552",10,"Jan",2010,5,"Crust",-1,41.83
"777","1557",12,"Mar",2009,4,"Crust",-12,14
"778","1558",12,"Mar",2009,4,"Powder",-17,15.33
"779","1559",7,"Jan",2014,4,"Powder",-8,6.333
"780","1560",19,"Nov",2013,3,"Powder",-14,9
"781","1561",19,"Nov",2013,3,"Powder",-13,10.67
"782","1562",4,"Jan",2013,3,"Powder",1,10
"783","1563",7,"Dec",2013,4,"Powder",-25,13.83
"784","1567",9,"Jan",2010,4,"Wet",0,23
"785","1568",8,"Jan",2010,3,"Powder",0,31.17
"786","1569",10,"Jan",2010,5,"Crust",2,28.5
"787","1573",12,"Mar",2009,4,"Crust",1,6.333
"788","1575",12,"Mar",2009,4,"Powder",-8,13.33
"789","1577",13,"Dec",2013,3,"Crust",-19,14.33
"790","1579",4,"Jan",2013,4,"Powder",1,13.67
"791","1584",21,"Dec",2010,2,"Powder",-4,4.167
"792","1585",22,"Dec",2010,4,"Powder",-4,13.17
"793","1586",12,"Jan",2011,3,"Crust",-17,24.17
"794","1590",7,"Dec",2013,4,"Powder",-21,21.17
"795","1591",7,"Dec",2013,4,"Powder",-27,24.67
"796","1594",13,"Dec",2013,3,"Crust",-18,17.33
"797","1598",7,"Dec",2013,4,"Crust",-36,3.167
"798","1601",2,"Feb",2011,3,"Powder",3,8.75
"799","1602",15,"Jan",2011,6,"Crust",-15,10.83
"800","1603",12,"Jan",2011,3,"Crust",-15,14.33
"801","1604",26,"Feb",2014,3,"Powder",-2,6.5
"802","1605",7,"Jan",2014,3,"Powder",-4,8.667
"803","1610",15,"Dec",2011,3,"Crust",-3,9.667
"804","1611",20,"Jan",2011,3,"Crust",-14,27.17
"805","1612",16,"Dec",2011,4,"Wet",1,5.833
"806","1618",26,"Mar",2011,3,"Crust",1,4.333
"807","1619",26,"Mar",2011,3,"Crust",-3,2.233
"808","1620",6,"Mar",2011,4,"Powder",-12,13.33
"809","1622",8,"Jan",2014,4,"Crust",4,10.17
"810","1625",28,"Dec",2012,4,"Powder",-1,7.5
"811","1626",29,"Dec",2012,5,"Powder",-3,14.67
"812","1627",15,"Dec",2011,4,"Powder",-3,11.17
"813","1627",15,"Dec",2011,4,"Powder",-1,11.17
"814","1628",15,"Dec",2011,3,"Powder",-4,9.667
"815","1629",16,"Dec",2011,4,"Wet",2,5.333
"816","1635",5,"Mar",2011,3,"Powder",-17,33.67
"817","1636",5,"Mar",2011,3,"Powder",-14,20.5
"818","1637",6,"Mar",2011,4,"Powder",-15,12.83
"819","1643",29,"Dec",2012,5,"Powder",0,17.83
"820","1644",1,"Feb",2011,3,"Powder",-11,9.333
"821","1645",1,"Feb",2011,3,"Crust",-14,20
"822","1646",16,"Dec",2011,4,"Powder",-3,6
"823","1652",2,"Feb",2011,3,"Powder",-1,33.33
"824","1653",2,"Feb",2011,3,"Powder",-3,14.17
"825","836B",7,"Dec",2013,5,"Crust",-36,44.83
